Workbook

Sheet Chấm công tháng
A1: BẢNG CHẤM CÔNG – THEO DÕI ĐIỂM TRỪ HÀNG THÁNG
A2: Đơn vị: Trường PTDTBT THCS YÊN HÒA CS2
A3: Tháng | B3: 9 | C3: Năm | D3: 2026 | F3: Người chấm công | G3: _________Phạm T.Trâm Anh___________ | K3: Ngày lập | L3: =TODAY() -> 46282
A5: TT | B5: Họ và tên | C5: Chức vụ | D5: Vắng | E5: Không chào cờ | F5: Vắng giao ban | G5: Vắng lao động | H5: Vắng trực bán trú | I5: Đi chậm 5 phút | J5: Đồng phục không đúng quy định | K5: Hút thuốc không đúng nơi | L5: Tổng lượt vi phạm | M5: Tổng điểm trừ | N5: Điểm còn lại
A6: 1 | B6: Nguyễn Đăng Huy | C6: HP | D6: 0 | E6: 0 | F6: 0 | G6: 0 | H6: 0 | I6: 0 | J6: 0 | K6: 0 | L6: =SUM(D6:K6) -> 0 | M6: =D6*'Quy định điểm trừ'!$B$3+E6*'Quy định điểm trừ'!$B$4+F6*'Quy định điểm trừ'!$B$5+G6*'Quy định điểm trừ'!$B$6+H6*'Quy định điểm trừ'!$B$7+I6*'Quy định điểm trừ'!$B$8+J6*'Quy định điểm trừ'!$B$9+K6*'Quy định điểm trừ'!$B$10 -> 0 | N6: =MAX(0,100-M6) -> 100
A7: 2 | B7: Trần Trọng Nghĩa | C7: GV | D7: 0 | E7: 0 | F7: 0 | G7: 0 | H7: 0 | I7: 0 | J7: 0 | K7: 0 | L7: =SUM(D7:K7) -> 0 | M7: =D7*'Quy định điểm trừ'!$B$3+E7*'Quy định điểm trừ'!$B$4+F7*'Quy định điểm trừ'!$B$5+G7*'Quy định điểm trừ'!$B$6+H7*'Quy định điểm trừ'!$B$7+I7*'Quy định điểm trừ'!$B$8+J7*'Quy định điểm trừ'!$B$9+K7*'Quy định điểm trừ'!$B$10 -> 0 | N7: =MAX(0,100-M7) -> 100
A8: 3 | B8: Thái văn Khiêm | C8: GV | D8: 1 | E8: 0 | F8: 0 | G8: 0 | H8: 0 | I8: 0 | J8: 0 | K8: 0 | L8: =SUM(D8:K8) -> 1 | M8: =D8*'Quy định điểm trừ'!$B$3+E8*'Quy định điểm trừ'!$B$4+F8*'Quy định điểm trừ'!$B$5+G8*'Quy định điểm trừ'!$B$6+H8*'Quy định điểm trừ'!$B$7+I8*'Quy định điểm trừ'!$B$8+J8*'Quy định điểm trừ'!$B$9+K8*'Quy định điểm trừ'!$B$10 -> 1 | N8: =MAX(0,100-M8) -> 99
A9: 4 | B9: Dương Hồng Nguyên | C9: GV | D9: 6 | E9: 0 | F9: 0 | G9: 0 | H9: 0 | I9: 0 | J9: 0 | K9: 0 | L9: =SUM(D9:K9) -> 6 | M9: =D9*'Quy định điểm trừ'!$B$3+E9*'Quy định điểm trừ'!$B$4+F9*'Quy định điểm trừ'!$B$5+G9*'Quy định điểm trừ'!$B$6+H9*'Quy định điểm trừ'!$B$7+I9*'Quy định điểm trừ'!$B$8+J9*'Quy định điểm trừ'!$B$9+K9*'Quy định điểm trừ'!$B$10 -> 6 | N9: =MAX(0,100-M9) -> 94
A10: 5 | B10: Ngô Xuân An | C10: GV | D10: 0 | E10: 0 | F10: 0 | G10: 0 | H10: 0 | I10: 0 | J10: 0 | K10: 0 | L10: =SUM(D10:K10) -> 0 | M10: =D10*'Quy định điểm trừ'!$B$3+E10*'Quy định điểm trừ'!$B$4+F10*'Quy định điểm trừ'!$B$5+G10*'Quy định điểm trừ'!$B$6+H10*'Quy định điểm trừ'!$B$7+I10*'Quy định điểm trừ'!$B$8+J10*'Quy định điểm trừ'!$B$9+K10*'Quy định điểm trừ'!$B$10 -> 0 | N10: =MAX(0,100-M10) -> 100
A11: 6 | B11: Hoàng Mạnh Quân | C11: GV | D11: 0 | E11: 0 | F11: 0 | G11: 0 | H11: 0 | I11: 0 | J11: 0 | K11: 0 | L11: =SUM(D11:K11) -> 0 | M11: =D11*'Quy định điểm trừ'!$B$3+E11*'Quy định điểm trừ'!$B$4+F11*'Quy định điểm trừ'!$B$5+G11*'Quy định điểm trừ'!$B$6+H11*'Quy định điểm trừ'!$B$7+I11*'Quy định điểm trừ'!$B$8+J11*'Quy định điểm trừ'!$B$9+K11*'Quy định điểm trừ'!$B$10 -> 0 | N11: =MAX(0,100-M11) -> 100
A12: 7 | B12: Hồ Viết Kiên | C12: GV | D12: 0 | E12: 0 | F12: 0 | G12: 0 | H12: 0 | I12: 0 | J12: 0 | K12: 0 | L12: =SUM(D12:K12) -> 0 | M12: =D12*'Quy định điểm trừ'!$B$3+E12*'Quy định điểm trừ'!$B$4+F12*'Quy định điểm trừ'!$B$5+G12*'Quy định điểm trừ'!$B$6+H12*'Quy định điểm trừ'!$B$7+I12*'Quy định điểm trừ'!$B$8+J12*'Quy định điểm trừ'!$B$9+K12*'Quy định điểm trừ'!$B$10 -> 0 | N12: =MAX(0,100-M12) -> 100
A13: 8 | B13: Lô Thị Ngoan | C13: TB | D13: 0 | E13: 0 | F13: 0 | G13: 0 | H13: 0 | I13: 0 | J13: 0 | K13: 0 | L13: =SUM(D13:K13) -> 0 | M13: =D13*'Quy định điểm trừ'!$B$3+E13*'Quy định điểm trừ'!$B$4+F13*'Quy định điểm trừ'!$B$5+G13*'Quy định điểm trừ'!$B$6+H13*'Quy định điểm trừ'!$B$7+I13*'Quy định điểm trừ'!$B$8+J13*'Quy định điểm trừ'!$B$9+K13*'Quy định điểm trừ'!$B$10 -> 0 | N13: =MAX(0,100-M13) -> 100
A14: 9 | B14: Lê Trung Thủy | C14: GV | D14: 0 | E14: 0 | F14: 0 | G14: 0 | H14: 0 | I14: 0 | J14: 0 | K14: 0 | L14: =SUM(D14:K14) -> 0 | M14: =D14*'Quy định điểm trừ'!$B$3+E14*'Quy định điểm trừ'!$B$4+F14*'Quy định điểm trừ'!$B$5+G14*'Quy định điểm trừ'!$B$6+H14*'Quy định điểm trừ'!$B$7+I14*'Quy định điểm trừ'!$B$8+J14*'Quy định điểm trừ'!$B$9+K14*'Quy định điểm trừ'!$B$10 -> 0 | N14: =MAX(0,100-M14) -> 100
A15: 10 | B15: Kha Văn Xay | C15: GV | D15: 0 | E15: 0 | F15: 0 | G15: 0 | H15: 0 | I15: 0 | J15: 0 | K15: 0 | L15: =SUM(D15:K15) -> 0 | M15: =D15*'Quy định điểm trừ'!$B$3+E15*'Quy định điểm trừ'!$B$4+F15*'Quy định điểm trừ'!$B$5+G15*'Quy định điểm trừ'!$B$6+H15*'Quy định điểm trừ'!$B$7+I15*'Quy định điểm trừ'!$B$8+J15*'Quy định điểm trừ'!$B$9+K15*'Quy định điểm trừ'!$B$10 -> 0 | N15: =MAX(0,100-M15) -> 100
A16: 11 | B16: Luơng Văn Xoan | C16: GV | D16: 0 | E16: 0 | F16: 0 | G16: 0 | H16: 0 | I16: 0 | J16: 0 | K16: 0 | L16: =SUM(D16:K16) -> 0 | M16: =D16*'Quy định điểm trừ'!$B$3+E16*'Quy định điểm trừ'!$B$4+F16*'Quy định điểm trừ'!$B$5+G16*'Quy định điểm trừ'!$B$6+H16*'Quy định điểm trừ'!$B$7+I16*'Quy định điểm trừ'!$B$8+J16*'Quy định điểm trừ'!$B$9+K16*'Quy định điểm trừ'!$B$10 -> 0 | N16: =MAX(0,100-M16) -> 100
A17: 12 | B17: Nguyễn Thị L. Anh | C17: GV | D17: 0 | E17: 0 | F17: 0 | G17: 0 | H17: 0 | I17: 0 | J17: 0 | K17: 0 | L17: =SUM(D17:K17) -> 0 | M17: =D17*'Quy định điểm trừ'!$B$3+E17*'Quy định điểm trừ'!$B$4+F17*'Quy định điểm trừ'!$B$5+G17*'Quy định điểm trừ'!$B$6+H17*'Quy định điểm trừ'!$B$7+I17*'Quy định điểm trừ'!$B$8+J17*'Quy định điểm trừ'!$B$9+K17*'Quy định điểm trừ'!$B$10 -> 0 | N17: =MAX(0,100-M17) -> 100
... A26: 21 | B26: Vi Văn Thắng | C26: NV | D26: 0 | E26: 0 | F26: 0 | G26: 0 | H26: 0 | I26: 0 | J26: 0 | K26: 0 | L26: =SUM(D26:K26) -> 0 | M26: =D26*'Quy định điểm trừ'!$B$3+E26*'Quy định điểm trừ'!$B$4+F26*'Quy định điểm trừ'!$B$5+G26*'Quy định điểm trừ'!$B$6+H26*'Quy định điểm trừ'!$B$7+I26*'Quy định điểm trừ'!$B$8+J26*'Quy định điểm trừ'!$B$9+K26*'Quy định điểm trừ'!$B$10 -> 0 | N26: =MAX(0,100-M26) -> 100
A27: 22 | C27: GV | D27: 0 | E27: 0 | F27: 0 | G27: 0 | H27: 0 | I27: 0 | J27: 0 | K27: 0 | L27: =SUM(D27:K27) -> 0 | M27: =D27*'Quy định điểm trừ'!$B$3+E27*'Quy định điểm trừ'!$B$4+F27*'Quy định điểm trừ'!$B$5+G27*'Quy định điểm trừ'!$B$6+H27*'Quy định điểm trừ'!$B$7+I27*'Quy định điểm trừ'!$B$8+J27*'Quy định điểm trừ'!$B$9+K27*'Quy định điểm trừ'!$B$10 -> 0 | N27: =MAX(0,100-M27) -> 100
A28: 23 | C28: GV | D28: 0 | E28: 0 | F28: 0 | G28: 0 | H28: 0 | I28: 0 | J28: 0 | K28: 0 | L28: =SUM(D28:K28) -> 0 | M28: =D28*'Quy định điểm trừ'!$B$3+E28*'Quy định điểm trừ'!$B$4+F28*'Quy định điểm trừ'!$B$5+G28*'Quy định điểm trừ'!$B$6+H28*'Quy định điểm trừ'!$B$7+I28*'Quy định điểm trừ'!$B$8+J28*'Quy định điểm trừ'!$B$9+K28*'Quy định điểm trừ'!$B$10 -> 0 | N28: =MAX(0,100-M28) -> 100
B29: TỔNG CỘNG | D29: =SUM(D6:D28) -> 7 | E29: =SUM(E6:E28) -> 0 | F29: =SUM(F6:F28) -> 0 | G29: =SUM(G6:G28) -> 0 | H29: =SUM(H6:H28) -> 0 | I29: =SUM(I6:I28) -> 0 | J29: =SUM(J6:J28) -> 0 | K29: =SUM(K6:K28) -> 0 | ... N29: =SUM(N6:N28) -> 2293
A32: Ghi chú: Nhập số lần vi phạm (0, 1, 2, …) tại các cột điểm trừ. Mức điểm trừ được điều chỉnh tại sheet “Quy định điểm trừ”.

Sheet Quy định điểm trừ
A1: QUY ĐỊNH / MỨC ĐIỂM TRỪ (CÓ THỂ CHỈNH SỬA)
A2: Nội dung điểm trừ | B2: Mức điểm trừ/lần | C2: Ghi chú
A3: Vắng | B3: 1 | C3: Có thể thay đổi theo quy chế của đơn vị
A4: Không chào cờ | B4: 1 | C4: Có thể thay đổi theo quy chế của đơn vị
A5: Vắng giao ban | B5: 1 | C5: Có thể thay đổi theo quy chế của đơn vị
A6: Vắng lao động | B6: 1 | C6: Có thể thay đổi theo quy chế của đơn vị
A7: Vắng trực bán trú | B7: 1 | C7: Có thể thay đổi theo quy chế của đơn vị
A8: Đi chậm 5 phút | B8: 1 | C8: Có thể thay đổi theo quy chế của đơn vị
A9: Đồng phục không đúng quy định | B9: 1 | C9: Có thể thay đổi theo quy chế của đơn vị
A10: Hút thuốc không đúng nơi | B10: 1 | C10: Có thể thay đổi theo quy chế của đơn vị

Sheet Sheet1
A2: Đơn vị: Trường PTDTBT THCS YÊN HÒA CS2
G3: _________Phạm T.Trâm Anh___________
A6: TT | B6: Họ và tên | D6: Ngày tháng năm sinh | E6: Chức vụ-nhiệm vụ | F6: Đăng ký các danh hiệu thi đua năm học 2018-2019 | G6: Ký tên
A7: 1 | B7: Trần Trọng Nghĩa | C7: Nguyên | D7: 25/3/1973 | E7: HT | F7: CSTĐ cấp cơ sở- LĐLĐ huyện tặng Giấy khen
A8: 2 | B8: Hoàng Mạnh | C8: Nguyên | D8: 28491 | E8: P.HT | F8: CSTĐ cấp cơ sở- LĐLĐ huyện tặng Giấy khen
A9: 3 | B9: Dương Hồng | C9: Nguyên | D9: 13/12 /1984 | E9: CT CĐ | F9: CSTĐ cấp cơ sở- LĐLĐ huyện tặng Giấy khen
A10: 4 | B10: Bùi Đình | C10: Nguyên | D10: 26063 | E10: P.HT | F10: Lao động tiên tiến
A11: 5 | B11: Hồ Viết | C11: Nguyên | D11: 29135 | E11: GV | F11: CSTĐ cấp cơ sở
A12: 6 | B12: Nguyễn Thị | C12: Nguyên | D12: 21/4/1965 | E12: GV | F12: Lao động tiên tiến
A13: 7 | B13: Lô Thị | C13: TB | D13: 26/01/1986 | E13: GV | F13: CSTĐ cấp cơ sở
A14: 8 | B14: Lê Trung | C14: Nguyên | D14: 29106 | E14: GV | F14: Lao động tiên tiến
A15: 9 | B15: Phạm T.Trâm | C15: Nguyên | D15: 31416 | E15: GV | F15: Lao động tiên tiến
A16: 10 | B16: Vi Văn | C16: Nguyên | D16: 31755 | E16: thiết bị | F16: Lao động tiên tiến
A17: 11 | B17: Kha Văn | C17: Nguyên | D17: 28775 | E17: GV | F17: Lao động tiên tiến
A18: 12 | B18: Vi Văn | C18: Nguyên | D18: 32844 | E18: Thư viện | F18: Lao động tiên tiến
A19: 13 | B19: Bùi Đình | C19: Nguyên | D19: 26886 | E19: Phục vụ | F19: Lao động tiên tiến
A20: 14 | B20: Ngô Xuân | C20: KT | D20: 24/10/1973 | E20: GV | F20: Lao động tiên tiến
A21: 15 | B21: Nguyễn Thị Linh | C21: Nguyên | D21: 29742 | E21: GV | F21: CSTĐ cấp cơ sở- LĐLĐ huyện tặng Giấy khen
A22: 16 | B22: Luơng Văn | C22: Nguyên | D22: 30107 | E22: GV | F22: CSTĐ cấp cơ sở
A23: 17 | B23: Phạm T.Trâm Anh | C23: TV | D23: 14/7/1981 | E23: GV | F23: CSTĐ cấp cơ sở- LĐLĐ huyện tặng Giấy khen
A24: 18 | B24: Nguyễn Đặng Trà Vy | C24: Nguyên | D24: 31207 | E24: GV | F24: Lao động tiên tiến
A25: 19 | B25: Trần Thanh Nga | C25: Nguyên | D25: 26/11 /1976 | E25: GV | F25: Lao động tiên tiến
A26: 20 | B26: Trần Thị | C26: NV | D26: 28/06/1986 | E26: GV | F26: Lao động tiên tiến
A27: 21 | C27: Nguyên | D27: 29747 | E27: GV | F27: Lao động tiên tiến
A28: 22 | C28: Nguyên | D28: 28/5/1977 | E28: kế toán | F28: Lao động tiên tiến
A29: 23 | B29: Kha Văn | C29: Dũng | D29: 23/11/1980 | E29: GV | F29: Lao động tiên tiến
A30: 24 | B30: Nguyễn Quỳnh | C30: Thương | D30: 31900 | E30: GV | F30: Lao động tiên tiến
A31: 25 | B31: Nguyễn Thị Lan | C31: Anh | D31: 29923 | E31: GV | F31: Lao động tiên tiến

Sheet Dữ liệu gốc
A1: LIÊN ĐOÀN LAO ĐỘNG HUYỆN TƯƠNG DƯƠNG CỘNG HÒA XÃ HỘI CHỦ NGHĨA VIỆT NAM
A2: Đơn vị: Trường PTDTBT THCS YÊN HÒA CS2
G3: _________Phạm T.Trâm Anh___________
A4: BẢNG THEO DÕI - XẾP LOẠI ĐOÀN VIÊN
A5: NĂM HỌC 2023 - 2024
B7: Trần Trọng Nghĩa
A8: TT | B8: HỌ VÀ | D8: Chức | H8: ĐIỂM | I8: THÁ | J8: NG | Q8: Ngày nghỉ | S8: Tổng
D9: Vụ | E9: 9 | F9: 10 | G9: 11 | H9: 12 | I9: 1 | J9: 2 | K9: 3 | L9: 4 | M9: 5 | N9: 6 | O9: 7 | P9: 8 | Q9: C. phép | R9: K.phép | S9: ĐIỂM
A10: 1 | B10: Hoàng Mạnh | D10: HT
A11: 2 | B11: Dương Hồng | D11: HP
A12: 3 | B12: Phạm Văn | D12: HP
A13: 4 | B13: Bùi Đình | C13: TB | D13: GV
A14: 5 | B14: Hoàng Mạnh | D14: TT
A15: 6 | B15: Hồ Viết | D15: CT.CĐ
A16: 7 | B16: Vũ Thị Lê | D16: TT
A17: 8 | B17: Lô Thị | D17: GV
A18: 9 | B18: Lê Trung | D18: GV
A19: 10 | B19: Kha Văn | D19: GV
A20: 11 | B20: Luơng Văn | C20: KT | D20: TB
A21: 12 | B21: Nguyễn Thị L. | D21: TP.Đ
A22: 13 | B22: Kha Văn | D22: GV
A23: 14 | B23: Phạm T.Trâm Anh | C23: TV | D23: GV
A24: 15 | B24: Nguyễn Đặng Trà Vy | D24: GV
A25: 16 | B25: Trần Thanh Nga | D25: TP
A26: 17 | B26: Vi Thị | C26: NV | D26: GV
A27: 18 | D27: GV
A28: 19 | D28: GV
A29: 20 | B29: Lô Thị | C29: Đắm | D29: GV
A30: 21 | B30: Phạm T.Trâm | C30: Anh | D30: TB
A31: 22 | B31: Nguyễn Thị | C31: Lê | D31: GV
A32: 23 | B32: Vi Văn | C32: Thắng | D32: NV
B34: Người chấm công
B35: (Ký, họ tên)

Sheet Sheet3
